"Sex","First Name","Last Name","Type","Email","Mobile Phone","Organisation","Acronym","Office Phone","Skype","Office"
"Mr.","Dexter","Floyd","Volunteer","aliquam.adipiscing@dictum.edu","1 69 228 4671-3097","Example.co.uk","eUK","1 44 731 1409-7363","KYTON77","Simmons Office"
"Mr.","Aimee","Hines","Staff","vitae@Vivamusnon.org","1 65 938 2322-2968","Example.edu","eEdu","1 18 163 7203-3474","GHPTX17","Townsend Office"
"Mr.","Vielka","Mcfarland","Staff","risus@vulputate.ca","1 49 646 9290-6244","Example.com","eCom","1 76 345 4282-1443","HOHCZ37","Marquez Office"
"Mr.","Maris","Meyers","Volunteer","in.faucibus@feugiat.org","1 78 393 9357-5710","Example.edu","eEdu","1 55 555 7296-8645","VLRMD58","Snyder Office"
"Mr.","Nita","Hendrix","Staff","laoreet.posuere@tellus.edu","1 30 676 2481-1775","Example.org","eOrg","1 69 901 5823-5670","PYQQG73","Drake Office"
"Ms.","Hyacinth","Leblanc","Staff","dis.parturient@consectetuerrhoncusNullam.edu","1 39 220 3784-0408","Example.net","eNet","1 77 130 7500-9525","FDXKK86","Mclean Office"
"Mr.","Samantha","Gaines","Volunteer","tristique@malesuada.edu","1 60 964 9399-4956","Example.com","eCom","1 77 411 3770-5078","LXGQM36","Anderson Office"
"Mr.","Kaitlin","Johnson","Volunteer","pede.et@rutrumFusce.org","1 28 359 4761-8226","Example.co.uk","eUK","1 75 339 6903-4519","LTZYY73","Jacobs Office"
"Mr.","Mark","Erickson","Staff","vitae.dolor.Donec@egestasAliquam.org","1 78 301 3613-0581","Example.org","eOrg","1 49 538 3539-1630","UACNT97","Contreras Office"
"Ms.","Aaron","Klein","Staff","est@arcuVestibulumante.ca","1 35 778 6040-0663","Example.co.vn","eVN","1 54 791 7798-7400","CXHXF86","Britt Office"
"Mr.","Ezra","Beard","Staff","Phasellus.dapibus@urnaUttincidunt.com","1 54 814 1810-6957","Example.co.uk","eUK","1 66 359 2298-5908","AWXMI44","Byrd Office"
"Mr.","Inez","Hardy","Staff","Integer.mollis@Nuncpulvinararcu.ca","1 96 512 4243-1932","Example.com","eCom","1 40 784 1299-6391","KWEGT87","Gibbs Office"
"Ms.","Chanda","Chan","Volunteer","amet.ornare@nequenon.com","1 42 600 9129-0929","Example.com","eCom","1 68 385 2642-8683","YIELQ41","Yang Office"
"Ms.","Ahmed","Santos","Volunteer","Nullam.scelerisque.neque@Maurisblandit.ca","1 67 686 3927-2030","Example.org","eOrg","1 33 679 9763-7506","JQWEH68","Velazquez Office"
"Ms.","Audra","Butler","Volunteer","velit.Pellentesque.ultricies@Namtempordiam.com","1 14 761 7683-9690","Example.co.uk","eUK","1 36 249 8301-3271","OKHYM76","Beach Office"
"Mr.","Giselle","Richardson","Volunteer","Nullam.vitae.diam@fermentummetus.ca","1 79 583 4765-8075","Example.net","eNet","1 39 524 3860-2389","DERYX64","Church Office"
"Mr.","Sage","Kerr","Volunteer","lorem.ac@aodiosemper.ca","1 93 946 4649-7735","Example.org","eOrg","1 57 436 9749-6959","GHAEF41","Finch Office"
"Ms.","Jaden","Fields","Volunteer","lacus.Quisque@dui.org","1 12 345 9333-3028","Example.co.vn","eVN","1 51 963 4704-2296","HFKWF62","Baird Office"
"Ms.","Barbara","Alford","Volunteer","pede.Cum@parturientmontes.edu","1 61 458 7957-3703","Example.co.uk","eUK","1 45 828 4446-4429","UVOZK74","York Office"
"Ms.","Carissa","Tyson","Staff","auctor.non.feugiat@Curabitursedtortor.org","1 33 316 1504-1594","Example.net","eNet","1 72 966 7051-2421","UCEMK57","Riggs Office"
"Ms.","Phelan","Bryant","Staff","Nunc@enimMaurisquis.org","1 28 915 6761-9861","Example.org","eOrg","1 53 297 7629-4316","SVVLY64","Tillman Office"
"Ms.","Alec","Sheppard","Volunteer","elit@ornaretortor.ca","1 64 383 1503-4475","Example.co.uk","eUK","1 44 983 6248-2264","BGKAX84","Carney Office"
"Ms.","Hammett","George","Staff","ut.ipsum.ac@velitSedmalesuada.com","1 87 886 2485-2188","Example.net","eNet","1 81 190 8270-6123","YZSJV52","Walls Office"
"Ms.","Gary","Becker","Staff","at.auctor.ullamcorper@egestas.edu","1 76 375 3570-5328","Example.org","eOrg","1 27 456 9620-0319","PGSTZ31","Griffin Office"
"Mr.","Ezra","Fletcher","Volunteer","eros.Proin@aliquet.org","1 77 513 1103-2063","Example.edu","eEdu","1 35 705 1028-3547","LNKDF26","Gray Office"
"Ms.","Noelani","Koch","Staff","primis@egetipsum.edu","1 50 620 2214-1596","Example.net","eNet","1 41 753 8173-8279","AISBW77","Warren Office"
"Mr.","Sandra","Harrison","Volunteer","eget@pellentesqueeget.edu","1 76 442 7235-5283","Example.com","eCom","1 86 985 6564-3046","PXXVR62","Browning Office"
"Mr.","Urielle","Guerra","Staff","feugiat.non@pellentesqueeget.com","1 60 159 6152-6920","Example.com","eCom","1 99 576 1978-8102","BMNKC64","Greer Office"
"Mr.","Zachery","Ross","Staff","non@atnisiCum.com","1 54 501 2008-9899","Example.org","eOrg","1 14 745 3818-8980","KXPWL13","Clay Office"
"Ms.","Isadora","Landry","Staff","massa@nisl.com","1 23 887 4165-9548","Example.com","eCom","1 87 271 2063-5158","POCYU57","Oneill Office"
"Ms.","Benjamin","Rojas","Volunteer","congue.elit@utnisi.org","1 99 416 5371-6231","Example.org","eOrg","1 87 284 6618-7973","RFJGE36","Gamble Office"
"Mr.","Brooke","Mullen","Volunteer","Morbi@magnaUttincidunt.com","1 94 213 6797-6664","Example.co.vn","eVN","1 36 358 6116-3836","CGFNG76","Sweet Office"
"Ms.","Damon","Chandler","Volunteer","fermentum.risus.at@massanon.edu","1 59 885 7468-0063","Example.com","eCom","1 75 828 5925-1341","FATLN63","Tyson Office"
"Ms.","Ainsley","Randolph","Volunteer","elit.Etiam.laoreet@mattisCraseget.edu","1 53 736 6857-4618","Example.edu","eEdu","1 48 684 2173-1420","GDPKQ92","Grant Office"
"Mr.","Natalie","Sullivan","Staff","at.auctor@ultriciessemmagna.edu","1 60 118 5301-7160","Example.org","eOrg","1 91 837 7483-1636","ZEHDU42","Sweet Office"
"Ms.","Melanie","Frazier","Staff","magna.a.neque@ametdapibus.edu","1 74 357 1228-5359","Example.net","eNet","1 51 369 6888-4113","GPWIH35","Parrish Office"
"Ms.","Larissa","Campbell","Staff","vel.pede@Quisqueornare.org","1 64 880 8486-3385","Example.org","eOrg","1 11 644 8929-5419","DVWWK37","Le Office"
"Ms.","Kennan","Reese","Staff","Donec@risusNulla.org","1 31 785 2744-6088","Example.edu","eEdu","1 96 880 1533-1053","FBIVI56","Ballard Office"
"Mr.","Owen","Tucker","Staff","magna@purusaccumsan.com","1 49 117 2134-5450","Example.com","eCom","1 71 154 5065-8599","DJZNT96","Reed Office"
"Mr.","Nola","Booth","Staff","eget@musAenean.org","1 33 848 3999-4843","Example.com","eCom","1 67 815 7735-4465","CEGUN66","Duran Office"
"Ms.","Seth","Talley","Staff","euismod.urna.Nullam@diam.ca","1 18 589 1564-0197","Example.co.uk","eUK","1 19 974 5330-2249","PRFJR18","Mcknight Office"
"Ms.","Teegan","Brock","Volunteer","turpis@mollisDuissit.ca","1 62 850 3045-0684","Example.edu","eEdu","1 41 878 8638-5458","RLCPZ44","Garza Office"
"Ms.","Martin","Maynard","Volunteer","Praesent@sedsapien.edu","1 14 382 2685-5391","Example.org","eOrg","1 65 425 7600-3685","GGOKG17","Wall Office"
"Ms.","Sarah","Peterson","Staff","luctus.ut@facilisiseget.com","1 79 902 4684-7106","Example.org","eOrg","1 48 371 3415-2956","EBYNT94","Flowers Office"
"Ms.","Sloane","Huber","Volunteer","facilisi.Sed@enim.ca","1 87 705 8390-9294","Example.org","eOrg","1 25 862 7008-9482","SZTNU53","Pugh Office"
"Ms.","Armando","Duncan","Staff","vitae@sedfacilisis.org","1 31 208 5895-6805","Example.co.vn","eVN","1 74 922 4415-5356","OYRFF84","Chen Office"
"Mr.","Tarik","Brooks","Volunteer","magna.Lorem@Crasvehicula.com","1 71 763 1081-5351","Example.net","eNet","1 11 623 5662-5789","NKKUC55","Nieves Office"
"Mr.","Kim","Santana","Volunteer","sed.leo.Cras@mi.org","1 92 765 1127-3841","Example.edu","eEdu","1 95 276 7345-8225","RHTGF11","Robertson Office"
"Mr.","Briar","Ward","Volunteer","sapien.imperdiet.ornare@adipiscingligula.com","1 43 160 7341-9242","Example.net","eNet","1 15 637 6352-4503","URRGC93","Hooper Office"
"Ms.","Alea","Burns","Staff","eget@dictummagnaUt.com","1 66 829 6831-0861","Example.edu","eEdu","1 48 869 8968-0831","XBUFQ41","England Office"
"Ms.","Maia","Parker","Volunteer","adipiscing.elit.Etiam@vestibulumneque.ca","1 88 765 7453-3516","Example.co.uk","eUK","1 17 523 9323-9917","SUEQQ14","Short Office"
"Mr.","Amal","Rasmussen","Staff","cursus.Integer@magnaDuisdignissim.org","1 46 489 8829-2184","Example.edu","eEdu","1 62 128 2517-6880","YNPRY21","Irwin Office"
"Ms.","Sopoline","Nieves","Staff","at.libero.Morbi@nectempus.com","1 53 555 4714-4733","Example.net","eNet","1 38 497 6056-8207","DPMLB89","Reese Office"
"Ms.","Echo","Greene","Volunteer","Integer.eu.lacus@dolor.edu","1 12 942 7022-6057","Example.co.uk","eUK","1 73 313 1004-3400","FHDIJ43","Dorsey Office"
"Mr.","Vivien","Russo","Volunteer","Fusce@laciniaSedcongue.edu","1 74 695 9060-5945","Example.co.uk","eUK","1 68 292 6191-1803","HXCOO51","Larsen Office"
"Ms.","Ariana","Maynard","Volunteer","non@scelerisquelorem.org","1 60 580 7316-5345","Example.co.vn","eVN","1 84 730 2452-4195","GNAXE24","Dyer Office"
"Ms.","Asher","Guthrie","Staff","ipsum.Suspendisse.non@diameu.org","1 30 993 1275-4273","Example.edu","eEdu","1 98 980 1201-3440","JCHWJ38","Andrews Office"
"Mr.","Sylvester","Lott","Staff","elit.Curabitur@elitdictumeu.com","1 61 350 4523-6581","Example.net","eNet","1 22 906 3999-7542","NFLXV62","Salinas Office"
"Mr.","Josiah","Stout","Volunteer","magna.Duis.dignissim@magnaa.org","1 18 998 6185-1605","Example.org","eOrg","1 67 345 8694-1830","JSSCS61","Bright Office"
"Ms.","Naida","Shepard","Staff","nec@consectetuerrhoncusNullam.org","1 79 304 8908-3267","Example.org","eOrg","1 94 901 5179-8621","PDLDW44","Watson Office"
"Mr.","Eliana","Ryan","Volunteer","nonummy@consectetuer.ca","1 36 327 5892-7780","Example.com","eCom","1 41 450 7985-2643","XNAVV72","Holden Office"
"Ms.","Lesley","Vincent","Staff","arcu.vel.quam@vel.org","1 10 945 9147-6740","Example.edu","eEdu","1 45 124 7352-9467","FUJYW48","Palmer Office"
"Mr.","Phoebe","Hewitt","Staff","risus.Donec@risus.edu","1 24 816 3997-1927","Example.org","eOrg","1 55 144 4264-0185","FZPKD12","Hobbs Office"
"Mr.","Igor","Fischer","Volunteer","Curabitur@tortornibh.edu","1 29 723 2668-0699","Example.net","eNet","1 29 860 9845-2614","DTXIY81","Nicholson Office"
"Ms.","Eagan","Solis","Volunteer","Nunc@luctusipsum.ca","1 83 769 8572-1093","Example.net","eNet","1 10 449 2514-8039","ZXDVS56","Albert Office"
"Ms.","Iona","William","Staff","est.mollis.non@sapien.com","1 67 501 5266-6460","Example.edu","eEdu","1 69 646 1004-4061","DXUOP51","Neal Office"
"Mr.","Julie","Shepherd","Staff","dictum@venenatisamagna.org","1 33 588 2982-4321","Example.edu","eEdu","1 40 396 8025-5086","PSLEZ87","Bentley Office"
"Mr.","Shelby","Romero","Volunteer","turpis@ullamcorperviverraMaecenas.com","1 47 477 9571-0219","Example.com","eCom","1 86 496 2658-4235","MGXVR72","Sims Office"
"Ms.","Basia","Wilson","Staff","Pellentesque@velest.edu","1 42 671 3977-7201","Example.co.vn","eVN","1 64 730 4548-6408","NNINY52","Moss Office"
"Mr.","Jarrod","Newman","Staff","non@semperetlacinia.org","1 59 123 1685-4505","Example.net","eNet","1 60 710 3279-7340","VDJLQ34","Thomas Office"
"Mr.","Kennan","Langley","Staff","adipiscing@Maurisblanditenim.org","1 47 608 6213-2976","Example.co.uk","eUK","1 67 394 6421-9860","VQGJA19","Simmons Office"
"Mr.","Lamar","Gray","Staff","cursus.in.hendrerit@consectetuermaurisid.edu","1 81 901 4667-8655","Example.edu","eEdu","1 41 961 9628-2581","ESTKO94","Townsend Office"
"Ms.","Reuben","Fitzpatrick","Volunteer","Vivamus.non@ullamcorperDuis.org","1 13 800 9961-8976","Example.com","eCom","1 93 838 7758-5860","YBBPC44","Marquez Office"
"Ms.","Ferris","Caldwell","Staff","Vivamus.nibh@nisl.org","1 12 996 8633-5912","Example.edu","eEdu","1 22 173 5059-4619","PEFEH51","Snyder Office"
"Ms.","Veda","Shannon","Staff","varius@sagittisfelis.org","1 46 853 3947-9830","Example.org","eOrg","1 92 114 5265-1504","XNYMY64","Drake Office"
"Mr.","Leslie","Huber","Staff","Proin.velit@vel.com","1 16 608 2508-1132","Example.net","eNet","1 27 676 2011-6649","ATSLV42","Mclean Office"
"Ms.","Diana","Howell","Staff","suscipit@sollicitudinorci.ca","1 16 663 3834-9004","Example.com","eCom","1 11 740 1582-8359","YXJUZ94","Anderson Office"
"Ms.","MacKensie","Hooper","Volunteer","a@anequeNullam.ca","1 71 945 9518-8023","Example.co.uk","eUK","1 22 492 4286-9239","QAAKS24","Jacobs Office"
"Mr.","George","Owen","Volunteer","risus@eleifendnuncrisus.ca","1 95 135 3681-3746","Example.org","eOrg","1 16 743 8855-1243","TKVOJ46","Contreras Office"
"Mr.","Uta","Henry","Volunteer","vitae@Craseu.com","1 24 189 4679-1915","Example.co.vn","eVN","1 99 253 6105-0531","GWOPB16","Britt Office"
"Ms.","Alexis","Lindsay","Volunteer","ullamcorper.velit.in@ipsumleoelementum.com","1 20 335 6977-5729","Example.co.uk","eUK","1 58 518 5775-7237","ZDWHG96","Byrd Office"
"Mr.","Cooper","Lee","Staff","a.odio.semper@faucibus.edu","1 97 848 6053-5369","Example.com","eCom","1 60 992 8483-7366","MRXMQ63","Gibbs Office"
"Ms.","Veda","Buchanan","Staff","parturient@aliquam.org","1 46 625 9108-5711","Example.com","eCom","1 78 414 1464-3746","KURZD46","Yang Office"
"Mr.","Lester","Kane","Staff","posuere.enim@acfacilisisfacilisis.edu","1 32 964 5680-0175","Example.org","eOrg","1 23 514 8888-4388","IPLLW74","Velazquez Office"
"Ms.","Upton","Cabrera","Volunteer","ipsum@mi.ca","1 99 241 6304-1479","Example.co.uk","eUK","1 15 744 4994-8048","HNQBM62","Beach Office"
"Mr.","Quinn","England","Volunteer","Cras@consequat.com","1 59 924 4532-0135","Example.net","eNet","1 60 765 4841-6798","DFSMS64","Church Office"
"Ms.","Rowan","Klein","Staff","ac@Duiselementum.edu","1 70 237 7761-8288","Example.org","eOrg","1 90 847 5865-7198","TPHWH41","Finch Office"
"Ms.","Nomlanga","Haley","Volunteer","eu.dolor.egestas@metus.edu","1 26 100 8594-1661","Example.co.vn","eVN","1 47 720 2262-9008","HCMIH14","Baird Office"
"Ms.","Dara","Spencer","Staff","leo.Morbi.neque@erosnectellus.edu","1 26 898 8014-2153","Example.co.uk","eUK","1 84 417 5505-8865","WJVZO58","York Office"
"Ms.","Lillian","Lott","Volunteer","erat@Phaselluselit.edu","1 54 696 3423-9026","Example.net","eNet","1 10 405 9802-4585","LLEPZ62","Riggs Office"
"Ms.","Jason","Gill","Staff","dis.parturient.montes@arcuimperdiet.ca","1 11 941 5305-6414","Example.org","eOrg","1 68 218 7379-8136","LVQKW74","Tillman Office"
"Mr.","Travis","Moody","Volunteer","Sed.id@quispede.org","1 42 554 4371-2626","Example.co.uk","eUK","1 75 813 6565-4348","OWNGG77","Carney Office"
"Ms.","Buckminster","Bray","Volunteer","nisi@nullaante.edu","1 72 563 9285-7282","Example.net","eNet","1 40 763 5416-5258","PDKQX62","Walls Office"
"Ms.","Audra","Rodriguez","Volunteer","nec.eleifend@sagittis.ca","1 39 806 2402-1656","Example.org","eOrg","1 18 977 6835-9046","QODKW23","Griffin Office"
"Mr.","Hedy","Gibson","Volunteer","orci.adipiscing.non@Nullainterdum.edu","1 12 900 7580-1815","Example.edu","eEdu","1 81 610 7485-8245","RYRVA98","Gray Office"
"Mr.","Kirk","Mcintosh","Volunteer","consequat.auctor@interdumfeugiatSed.com","1 35 587 5614-1965","Example.net","eNet","1 35 215 2951-4101","XUWGZ47","Warren Office"
"Ms.","Delilah","Jackson","Staff","augue.eu@Morbisit.edu","1 86 707 3268-3193","Example.com","eCom","1 81 211 6897-1417","CLBHH79","Browning Office"
"Ms.","Cyrus","Logan","Staff","et@enim.com","1 68 479 6285-0901","Example.com","eCom","1 25 848 5329-6706","RHQYW54","Greer Office"
"Ms.","Walker","Steele","Staff","massa.Vestibulum@malesuada.edu","1 96 670 5247-1151","Example.org","eOrg","1 24 413 9593-4779","SZOTY34","Clay Office"
"Ms.","Wade","Weeks","Volunteer","Aliquam.nec.enim@diamluctuslobortis.com","1 64 706 1919-3570","Example.com","eCom","1 50 129 4676-5642","TJNAA17","Oneill Office"
"Mr.","Ross","Baker","Volunteer","volutpat.Nulla.dignissim@magna.com","1 90 502 5381-9484","Example.org","eOrg","1 68 368 3398-1959","IXOTV63","Gamble Office"
"Mr.","Nevada","Casey","Volunteer","ut.cursus.luctus@aliquet.org","1 72 499 3221-0406","Example.co.vn","eVN","1 45 913 5313-0399","MBRBV95","Sweet Office"
"Mr.","Ori","Ballard","Staff","metus.In.nec@auctorvitae.org","1 13 305 6598-8018","Example.com","eCom","1 69 767 6155-8667","SGTLH27","Tyson Office"
"Mr.","Gabriel","Sandoval","Volunteer","commodo@velsapien.org","1 68 535 3978-5641","Example.edu","eEdu","1 23 256 3299-5757","LFZAW85","Grant Office"
"Ms.","Orla","David","Staff","primis.in@vitaealiquetnec.ca","1 20 326 9589-5460","Example.org","eOrg","1 22 211 1645-3668","JKWGO95","Sweet Office"
"Mr.","Jerome","Heath","Volunteer","risus.Nunc@Nunc.ca","1 21 342 5488-0256","Example.net","eNet","1 80 916 9645-1805","UCOUH71","Parrish Office"
"Mr.","Keely","Cummings","Volunteer","suscipit.nonummy@mattis.ca","1 38 929 6150-7788","Example.org","eOrg","1 69 742 5494-0134","JLJGS22","Le Office"
"Ms.","Phelan","Bridges","Volunteer","et.netus.et@magnaSuspendisse.org","1 63 637 8827-2286","Example.edu","eEdu","1 30 157 3673-4802","QJWIY29","Ballard Office"
"Mr.","Piper","Brock","Staff","Nulla.dignissim@Sedmalesuada.edu","1 26 121 8585-8338","Example.com","eCom","1 12 432 6255-0675","AFYAK61","Reed Office"
"Mr.","Xavier","David","Volunteer","Nunc.ut@Vestibulumaccumsanneque.ca","1 59 392 5550-0668","Example.com","eCom","1 70 264 8715-7322","LFFLS27","Duran Office"
"Ms.","Constance","Castaneda","Staff","luctus@semsempererat.edu","1 95 102 5806-4706","Example.co.uk","eUK","1 58 395 4618-8381","OOAPM67","Mcknight Office"
"Mr.","Chiquita","Hall","Volunteer","mi.lacinia.mattis@iaculislacus.com","1 72 302 8480-2731","Example.edu","eEdu","1 97 852 4272-4112","XTCJM46","Garza Office"
"Mr.","Jorden","Warner","Staff","luctus.et@Integer.com","1 98 273 4150-3914","Example.org","eOrg","1 12 447 7023-5271","LYZVX89","Wall Office"
"Ms.","Felix","Rutledge","Volunteer","felis.Nulla@nonmagnaNam.org","1 96 921 6029-3811","Example.org","eOrg","1 50 939 7358-6350","PGQGF32","Flowers Office"
"Ms.","Shafira","Kirk","Volunteer","neque.non.quam@lectuspede.ca","1 44 128 9915-8893","Example.org","eOrg","1 56 678 8932-8895","SJLRS97","Pugh Office"
"Mr.","Martena","Washington","Volunteer","semper@consequatdolorvitae.edu","1 76 824 6030-3183","Example.co.vn","eVN","1 66 223 1938-5377","CLXFD51","Chen Office"
"Mr.","Mollie","Horn","Staff","elit.a.feugiat@pretiumet.edu","1 31 844 2535-3990","Example.net","eNet","1 14 726 2291-9446","GZFJF42","Nieves Office"
"Mr.","Hop","Cherry","Staff","dolor@ac.org","1 99 151 6745-9394","Example.edu","eEdu","1 34 266 6823-2452","ZRDNP15","Robertson Office"
"Ms.","Chadwick","Winters","Volunteer","vulputate.posuere.vulputate@convallisligulaDonec.com","1 90 816 5647-0625","Example.net","eNet","1 22 978 1202-4092","ZXZJW92","Hooper Office"
"Mr.","Melanie","Osborne","Staff","nunc.nulla@tempuslorem.com","1 58 645 5485-7266","Example.edu","eEdu","1 65 504 5240-8002","WRYED88","England Office"
"Ms.","Fredericka","Barnett","Staff","erat.vitae.risus@vestibulumMauris.com","1 12 142 4948-9290","Example.co.uk","eUK","1 86 597 4738-1300","EQPQQ86","Short Office"
"Ms.","Basia","Boyle","Staff","ac.turpis.egestas@Aliquamfringillacursus.edu","1 36 786 5238-0521","Example.edu","eEdu","1 57 203 9759-8637","RCQTK35","Irwin Office"
"Mr.","Aretha","Kline","Staff","nulla.ante.iaculis@suscipitnonummyFusce.org","1 36 447 7352-3387","Example.net","eNet","1 68 732 1858-9018","OWBFE76","Reese Office"
"Mr.","Eugenia","Whitfield","Staff","molestie.orci@temporbibendum.ca","1 59 823 1315-1053","Example.co.uk","eUK","1 21 933 7892-1927","FSFFG21","Dorsey Office"
"Mr.","Amity","Sloan","Volunteer","pede.Nunc@Praesenteunulla.com","1 72 665 9448-6689","Example.co.uk","eUK","1 16 628 8243-2208","IUASM33","Larsen Office"
"Mr.","Charissa","Leonard","Staff","felis@Suspendisse.edu","1 58 811 7931-3534","Example.co.vn","eVN","1 72 546 8687-8309","NEURR75","Dyer Office"
"Mr.","Carson","Sharpe","Staff","lobortis@viverraDonectempus.org","1 23 867 5443-1262","Example.edu","eEdu","1 33 990 7394-5758","YGNOK84","Andrews Office"
"Mr.","Virginia","Houston","Staff","non@Fuscefeugiat.ca","1 62 251 3251-7082","Example.net","eNet","1 85 439 3799-7400","ZLAUB39","Salinas Office"
"Ms.","Chelsea","Valencia","Volunteer","dui.Cum@duinecurna.ca","1 90 534 4623-6977","Example.org","eOrg","1 81 152 3586-6750","LMGJL38","Bright Office"
"Mr.","Desirae","Irwin","Volunteer","Aliquam.vulputate@arcuCurabiturut.ca","1 92 197 3121-7992","Example.org","eOrg","1 47 372 5502-8424","PEYLC25","Watson Office"
"Mr.","Nevada","Cummings","Staff","Integer.aliquam.adipiscing@convallis.com","1 21 148 3943-2384","Example.com","eCom","1 46 786 9278-9908","YFPGK74","Holden Office"
"Mr.","Morgan","Richard","Staff","dolor@elementumlorem.com","1 32 100 7934-8338","Example.edu","eEdu","1 41 755 5931-6026","CSMNA76","Palmer Office"
"Mr.","Emily","Bean","Staff","libero.lacus.varius@gravidasagittis.ca","1 75 951 4007-1784","Example.org","eOrg","1 91 841 6024-3260","EEGZW78","Hobbs Office"
"Mr.","Eve","Hays","Volunteer","non@leoVivamus.edu","1 98 283 3445-8784","Example.net","eNet","1 16 195 8887-1262","WHEWH11","Nicholson Office"
"Ms.","Genevieve","Mack","Volunteer","sed.leo.Cras@posuerecubilia.ca","1 57 557 1459-1727","Example.net","eNet","1 10 293 3946-3052","LDYIP78","Albert Office"
"Ms.","Shaine","Madden","Volunteer","neque.pellentesque.massa@euismodindolor.com","1 70 680 9003-7332","Example.edu","eEdu","1 84 510 3916-7765","KJNXB65","Neal Office"
"Mr.","Georgia","Wheeler","Volunteer","Nulla.eu.neque@Naminterdumenim.ca","1 68 410 4395-0726","Example.edu","eEdu","1 60 851 4900-3960","RRDQG11","Bentley Office"
"Ms.","Hilary","Perez","Volunteer","vitae.erat.vel@eueleifendnec.com","1 98 573 6136-2669","Example.com","eCom","1 46 898 8028-4983","RNNCM46","Sims Office"
"Mr.","Chaney","Hill","Staff","sociis.natoque.penatibus@ipsumsodalespurus.org","1 58 237 1272-0119","Example.co.vn","eVN","1 84 199 4511-6625","GZAVM89","Moss Office"
"Mr.","Zelenia","Avila","Staff","consequat@asollicitudin.edu","1 22 512 5676-7429","Example.net","eNet","1 59 934 7323-2375","LIYMM21","Thomas Office"
"Ms.","Jemima","Farmer","Staff","arcu@porttitorscelerisque.edu","1 59 142 5257-5803","Example.co.uk","eUK","1 56 391 5988-4005","DOZEB82","Simmons Office"
"Ms.","Nathan","Quinn","Volunteer","magnis.dis@placeratCras.org","1 80 410 5502-4434","Example.edu","eEdu","1 50 161 9860-5360","SEOJZ67","Townsend Office"
"Mr.","Chelsea","Perez","Volunteer","ac.ipsum@cursus.org","1 23 710 8094-1487","Example.com","eCom","1 59 189 7503-7792","ZBDRF54","Marquez Office"
"Mr.","Cherokee","Hutchinson","Staff","non.magna@accumsanconvallisante.com","1 59 358 3243-5215","Example.edu","eEdu","1 16 678 2116-3609","FAKPM49","Snyder Office"
"Ms.","Camden","Franklin","Volunteer","nunc.id@imperdietdictummagna.com","1 56 114 8250-9860","Example.org","eOrg","1 90 244 6358-5860","TPPFD33","Drake Office"
"Mr.","Camden","Manning","Staff","aliquet@lectus.com","1 98 513 9765-6232","Example.net","eNet","1 19 830 2538-7819","JHWVG74","Mclean Office"
"Mr.","Garrison","Combs","Volunteer","sed.sem.egestas@ultricesposuerecubilia.edu","1 23 106 1123-0021","Example.com","eCom","1 64 847 5714-1310","EAGIE64","Anderson Office"
"Ms.","Jasmine","Galloway","Staff","a.felis.ullamcorper@cursusnon.org","1 57 121 7799-2023","Example.co.uk","eUK","1 43 375 9161-6064","JCPYO39","Jacobs Office"
"Ms.","Prescott","Meadows","Staff","feugiat.tellus.lorem@dictummi.edu","1 63 591 1837-9975","Example.org","eOrg","1 26 112 4008-8625","NTLSJ83","Contreras Office"
"Mr.","Felicia","Bonner","Staff","lacus@lorem.org","1 70 371 5025-8121","Example.co.vn","eVN","1 78 242 9759-0521","PMZED14","Britt Office"
"Ms.","Shellie","Vazquez","Volunteer","imperdiet.erat@tellusPhasellus.ca","1 33 848 1355-2515","Example.co.uk","eUK","1 79 691 7399-2945","SCFQJ65","Byrd Office"
"Ms.","Karyn","Castillo","Volunteer","auctor@loremluctus.ca","1 20 989 1530-5599","Example.com","eCom","1 70 434 9813-3334","VXRUC77","Gibbs Office"
"Mr.","Samantha","Lancaster","Volunteer","convallis.convallis.dolor@pedeet.ca","1 65 199 4976-2096","Example.com","eCom","1 85 256 8355-1050","DAYCQ52","Yang Office"
"Ms.","Kimberly","Lawson","Staff","In@sem.com","1 89 994 6882-3928","Example.org","eOrg","1 48 954 4618-1603","LJNXE49","Velazquez Office"
"Mr.","Kendall","Washington","Volunteer","Donec.egestas.Duis@eueratsemper.edu","1 64 959 5965-8829","Example.co.uk","eUK","1 72 754 2450-0587","VMVYD39","Beach Office"
"Ms.","Guinevere","Mercado","Volunteer","felis.orci.adipiscing@estcongue.com","1 88 654 1696-7925","Example.net","eNet","1 19 591 8870-2381","VNJEJ28","Church Office"
"Mr.","Ursa","Kemp","Volunteer","sit.amet@augueeu.org","1 38 778 8575-6995","Example.org","eOrg","1 70 593 7723-7793","YLEQS13","Finch Office"
"Mr.","Blaine","Boyer","Volunteer","pharetra.Nam@nonjusto.edu","1 83 333 6018-4853","Example.co.vn","eVN","1 58 415 4402-5092","VOVAI23","Baird Office"
"Mr.","Travis","Odom","Volunteer","risus.Donec.egestas@Maecenasiaculis.com","1 78 300 7447-7086","Example.co.uk","eUK","1 72 175 3018-9856","ZCBKV97","York Office"
"Mr.","Iona","Franco","Staff","rutrum@aodio.org","1 77 974 5046-9355","Example.net","eNet","1 56 294 1539-0632","RVIKN13","Riggs Office"
"Mr.","Rhea","Grimes","Staff","natoque.penatibus@auctorvelit.ca","1 54 564 9693-6090","Example.org","eOrg","1 68 603 6361-1016","IPQFC27","Tillman Office"
"Mr.","Naida","Gomez","Volunteer","laoreet@dolorsit.edu","1 86 837 3008-1293","Example.co.uk","eUK","1 39 540 7171-8078","CGWDB51","Carney Office"
"Ms.","Deborah","Hood","Staff","aliquet@quisdiam.ca","1 53 907 1697-8786","Example.net","eNet","1 98 509 1032-3854","LCNLP84","Walls Office"
"Mr.","Iliana","Gamble","Volunteer","nec@vitaeorci.ca","1 90 740 7410-7482","Example.org","eOrg","1 33 579 4159-5857","DWVYV87","Griffin Office"
"Mr.","Genevieve","Scott","Staff","nunc.sed@liberoat.ca","1 56 203 1356-3158","Example.edu","eEdu","1 76 765 6385-6660","FFJAT92","Gray Office"
"Ms.","Dennis","Bright","Volunteer","Integer.in.magna@egestas.edu","1 91 977 4302-8795","Example.net","eNet","1 27 214 2314-5335","SKAZJ28","Warren Office"
"Mr.","Felix","Harvey","Staff","ut.quam@molestiearcuSed.ca","1 66 578 9811-3746","Example.com","eCom","1 20 314 5054-3949","EGLZW25","Browning Office"
"Mr.","Ignatius","Jarvis","Staff","eu.lacus@ideratEtiam.org","1 31 653 1035-4649","Example.com","eCom","1 71 160 2162-5131","XJDKQ41","Greer Office"
"Mr.","Aphrodite","Cooke","Staff","mauris.id@Integervitaenibh.org","1 38 734 7563-7141","Example.org","eOrg","1 45 471 7734-8544","EDPSK44","Clay Office"
"Mr.","Brianna","Gillespie","Volunteer","odio.Aliquam@fringillaporttitorvulputate.com","1 12 840 9283-6681","Example.com","eCom","1 12 776 2141-2767","WJREJ99","Oneill Office"
"Ms.","Whitney","Barber","Volunteer","Donec@nonegestas.ca","1 71 148 7690-7283","Example.org","eOrg","1 77 691 5895-8940","QZFLR35","Gamble Office"
"Ms.","Candice","Patrick","Staff","diam@erosNam.ca","1 38 587 6465-9454","Example.co.vn","eVN","1 24 860 2112-2845","HTRCA56","Sweet Office"
"Ms.","Frances","Foster","Volunteer","nibh.Aliquam.ornare@utnulla.org","1 96 272 2843-1615","Example.com","eCom","1 53 953 4226-5564","VAYOZ67","Tyson Office"
"Mr.","Shafira","Melendez","Staff","feugiat@quamafelis.com","1 28 614 1562-2278","Example.edu","eEdu","1 68 718 3861-6248","ZLFIR19","Grant Office"
"Ms.","Yoko","Frye","Staff","egestas@rutrummagna.com","1 36 398 2267-4399","Example.org","eOrg","1 93 520 5280-2124","RRLBY24","Sweet Office"
"Mr.","Janna","Cervantes","Volunteer","non@cursus.org","1 30 873 9257-2785","Example.net","eNet","1 52 751 8907-3135","UJTIQ82","Parrish Office"
"Ms.","Britanni","Mercer","Volunteer","Quisque.ornare.tortor@laciniaorci.com","1 72 638 8178-9102","Example.org","eOrg","1 86 513 3365-5223","FTBQM33","Le Office"
"Ms.","Astra","Becker","Volunteer","nec.imperdiet.nec@ac.com","1 87 929 3629-1713","Example.edu","eEdu","1 41 205 5345-3542","NMFUH97","Ballard Office"
"Mr.","Warren","Contreras","Staff","eget.ipsum.Donec@Nuncpulvinararcu.org","1 14 824 4778-3137","Example.com","eCom","1 92 665 6314-3351","QNFIO62","Reed Office"
"Ms.","Kaden","Lewis","Volunteer","tempor.erat@semper.org","1 46 803 4665-0086","Example.com","eCom","1 51 487 1952-4007","YCOOO24","Duran Office"
"Mr.","Samuel","Eaton","Staff","sodales.at@non.edu","1 57 295 9944-2852","Example.co.uk","eUK","1 54 209 4459-3826","EMXFZ64","Mcknight Office"
"Ms.","Fuller","Sosa","Volunteer","Pellentesque.habitant.morbi@Suspendisseeleifend.com","1 19 729 7742-7719","Example.edu","eEdu","1 34 454 9920-2160","FANOC43","Garza Office"
"Ms.","Alexis","Carlson","Volunteer","eros@estvitaesodales.ca","1 27 343 6429-4501","Example.org","eOrg","1 31 182 5169-1784","QNYMR77","Wall Office"
"Ms.","Hammett","Mccarthy","Staff","egestas@quistristiqueac.edu","1 46 354 5051-9698","Example.org","eOrg","1 63 100 8828-1715","WYWAI54","Flowers Office"
"Mr.","Tallulah","Sweeney","Staff","tempor@et.org","1 36 237 2154-9710","Example.org","eOrg","1 10 203 6415-3004","ZDLSJ28","Pugh Office"
"Mr.","Alexa","Sandoval","Staff","erat.eget@eu.ca","1 56 867 2323-9549","Example.co.vn","eVN","1 40 414 5914-0994","REBNS74","Chen Office"
"Mr.","Katelyn","Reid","Volunteer","pede.nec.ante@Maecenas.org","1 37 669 1291-6905","Example.net","eNet","1 77 424 2686-1540","GTKVZ24","Nieves Office"
"Ms.","Irma","Spence","Staff","tempor.est@ridiculusmusAenean.edu","1 44 776 2939-6450","Example.edu","eEdu","1 87 867 1042-5220","UGTVP25","Robertson Office"
"Mr.","Morgan","Foster","Staff","ipsum.nunc@CuraePhasellus.ca","1 10 797 5079-2224","Example.net","eNet","1 97 173 3370-0026","YUXXV96","Hooper Office"
"Mr.","Ayanna","Rivers","Staff","sit.amet.consectetuer@acipsumPhasellus.com","1 11 319 6433-5337","Example.edu","eEdu","1 35 923 8815-9998","XRCJT36","England Office"
"Ms.","Chiquita","Guzman","Volunteer","tempor.lorem@etcommodoat.org","1 82 274 5626-1151","Example.co.uk","eUK","1 58 285 4456-6921","UBBKY35","Short Office"
"Mr.","Amery","Fuller","Volunteer","aliquet.molestie.tellus@luctus.org","1 27 535 1705-3645","Example.edu","eEdu","1 36 865 2228-2689","CYFSD92","Irwin Office"
"Ms.","Cheryl","Cherry","Staff","malesuada.Integer.id@mollis.edu","1 95 881 4037-9637","Example.net","eNet","1 46 818 7221-4462","ZVLDU99","Reese Office"
"Ms.","Haviva","Myers","Volunteer","Integer@semper.com","1 78 959 8210-4651","Example.co.uk","eUK","1 59 367 3633-0091","PCNXV39","Dorsey Office"
"Ms.","Odysseus","Padilla","Staff","at.augue.id@enim.com","1 98 324 1404-8047","Example.co.uk","eUK","1 18 706 1912-6864","ZRTIO66","Larsen Office"
"Ms.","Mona","Davidson","Staff","nisi@libero.ca","1 47 717 4165-3330","Example.co.vn","eVN","1 36 562 2291-9230","HOSEZ48","Dyer Office"
"Ms.","Emma","Edwards","Volunteer","Cum.sociis.natoque@eros.org","1 94 451 6635-7271","Example.edu","eEdu","1 16 126 5176-4052","QULHT96","Andrews Office"
"Mr.","Clio","Sutton","Staff","montes.nascetur.ridiculus@ipsumcursus.ca","1 16 409 1507-2578","Example.net","eNet","1 46 273 2361-5543","FDYZE64","Salinas Office"
"Mr.","Jillian","Serrano","Volunteer","Sed@et.ca","1 95 612 9266-3218","Example.org","eOrg","1 49 531 1835-2115","HGQHD29","Bright Office"
"Ms.","Tana","James","Staff","mauris.a@est.org","1 70 624 7320-9520","Example.org","eOrg","1 53 874 9663-5130","ZNUPH92","Watson Office"
"Ms.","Steven","Terrell","Volunteer","mauris.a.nunc@Nam.ca","1 46 214 6003-3646","Example.com","eCom","1 51 504 5208-1940","TREQB88","Holden Office"
"Ms.","Jade","Ferguson","Staff","tristique.neque.venenatis@Duisacarcu.com","1 77 528 1600-5299","Example.edu","eEdu","1 76 437 2194-5263","WQRFI47","Palmer Office"
"Ms.","Octavia","Donaldson","Staff","congue.elit.sed@velquam.org","1 74 417 1380-8424","Example.org","eOrg","1 11 524 9001-7244","ZYFSS61","Hobbs Office"
"Ms.","Catherine","Foreman","Staff","ut@Integerinmagna.org","1 55 707 2981-0545","Example.net","eNet","1 44 211 8201-3335","MCZCQ58","Nicholson Office"
"Ms.","Yvonne","Mcleod","Staff","et@cursuset.edu","1 60 681 8638-8721","Example.net","eNet","1 72 488 8651-6128","VWKAN46","Albert Office"
"Mr.","Jessamine","Woods","Volunteer","et.tristique@necanteblandit.ca","1 14 332 2197-3685","Example.edu","eEdu","1 74 879 3438-8372","CKYCL44","Neal Office"
"Mr.","Jessica","Wilkinson","Volunteer","diam@mauris.ca","1 77 455 4796-5703","Example.edu","eEdu","1 17 911 3599-0952","GVGDM15","Bentley Office"
"Mr.","Simone","Rhodes","Staff","semper.et@Proin.org","1 36 428 6535-5441","Example.com","eCom","1 79 884 8344-1287","OBHFI96","Sims Office"
"Mr.","Charde","Cain","Staff","dis.parturient.montes@estmauris.ca","1 28 706 2996-3181","Example.co.vn","eVN","1 42 165 1208-4201","XPGSU15","Moss Office"
"Mr.","Octavia","Ramos","Volunteer","tincidunt.aliquam@consequatnecmollis.edu","1 66 562 9750-5935","Example.net","eNet","1 21 398 4470-1465","NLTUZ43","Thomas Office"
"Mr.","Damian","Grant","Staff","lorem@metus.com","1 28 547 4811-9356","Example.co.uk","eUK","1 20 680 1177-3096","YBHJG29","Simmons Office"
"Mr.","Francesca","Mcleod","Staff","nec.mauris@vehicularisus.edu","1 21 370 3810-5514","Example.edu","eEdu","1 15 547 6345-7051","QXEVC41","Townsend Office"
"Ms.","Iona","Orr","Volunteer","lacus.Mauris@justo.org","1 36 281 9454-0255","Example.com","eCom","1 24 695 9142-5180","JXQAF32","Marquez Office"
"Ms.","Caesar","Levy","Staff","Sed.nulla@aliquet.edu","1 62 622 2136-3872","Example.edu","eEdu","1 11 513 8333-4930","LQCOG42","Snyder Office"
"Mr.","Elmo","Maldonado","Volunteer","nonummy.ac.feugiat@idsapienCras.edu","1 67 318 6019-4697","Example.org","eOrg","1 44 896 2007-3662","PKXTB61","Drake Office"
"Ms.","Maya","Gaines","Volunteer","congue.In@etipsum.org","1 19 998 6096-8234","Example.net","eNet","1 98 478 1715-4420","FOQTQ57","Mclean Office"
"Ms.","Debra","Mercado","Staff","massa.Mauris.vestibulum@hymenaeosMauris.ca","1 22 759 6667-1023","Example.com","eCom","1 49 715 3816-0790","EPHBS57","Anderson Office"
"Ms.","Ginger","Turner","Staff","ac@sed.com","1 37 499 9271-8888","Example.co.uk","eUK","1 14 211 6840-2313","KGQWM43","Jacobs Office"
"Ms.","Damian","Michael","Staff","Suspendisse.sed@Maurisnondui.com","1 82 893 9623-6477","Example.org","eOrg","1 20 405 8291-4518","ACBKX42","Contreras Office"
"Mr.","Brett","Hunt","Volunteer","tempor.diam@cubiliaCurae.ca","1 23 953 5363-4196","Example.co.vn","eVN","1 97 136 4551-6901","CLKBP71","Britt Office"
"Ms.","Jin","Kidd","Volunteer","mauris.ut.mi@magnaLoremipsum.org","1 97 400 1465-5255","Example.co.uk","eUK","1 70 875 6777-2250","FMWVL63","Byrd Office"
"Mr.","Erich","Simon","Staff","Sed.diam.lorem@apurus.ca","1 91 978 5352-0845","Example.com","eCom","1 70 754 4780-0739","CWKAU59","Gibbs Office"
"Ms.","Jerome","Shepard","Volunteer","fringilla.cursus.purus@nonummyFuscefermentum.com","1 79 444 8717-7241","Example.com","eCom","1 59 657 2425-9157","ZIYJZ87","Yang Office"
"Ms.","Lucian","Christian","Staff","Sed@sagittisNullamvitae.edu","1 92 158 7630-2217","Example.org","eOrg","1 20 940 7240-8641","PEYRC27","Velazquez Office"
"Ms.","Illiana","Farrell","Staff","rutrum.urna@leoin.edu","1 67 351 4248-2347","Example.co.uk","eUK","1 19 460 6366-7902","KQWRF69","Beach Office"
"Mr.","Florence","Williamson","Staff","Cras@maurissapien.ca","1 16 943 9066-7457","Example.net","eNet","1 93 665 2529-9210","NSQNS35","Church Office"
"Mr.","Ifeoma","Cleveland","Staff","amet@commodohendreritDonec.org","1 55 901 5278-2603","Example.org","eOrg","1 60 317 6591-9040","ZEPPQ26","Finch Office"
"Ms.","Brielle","Wright","Volunteer","Mauris.vel.turpis@sapienNunc.org","1 36 667 4233-3347","Example.co.vn","eVN","1 49 906 1633-7327","NYTDG47","Baird Office"
"Ms.","Colton","Callahan","Staff","sociis.natoque@Loremipsumdolor.com","1 24 304 8002-3856","Example.co.uk","eUK","1 16 328 7978-2937","LDUTH21","York Office"
"Mr.","Thaddeus","Hess","Volunteer","fringilla@ultricesVivamus.com","1 27 240 9197-9262","Example.net","eNet","1 14 787 9806-7439","GXPTB48","Riggs Office"
"Ms.","Sonia","Lynn","Staff","Fusce.mi@feugiatnec.ca","1 64 332 9219-9942","Example.org","eOrg","1 71 442 8362-1267","SFCNV57","Tillman Office"
"Mr.","Micah","Hopkins","Volunteer","velit.dui@etpedeNunc.org","1 77 711 9946-1687","Example.co.uk","eUK","1 69 507 1898-4371","SREII81","Carney Office"
"Ms.","Amy","Grant","Staff","urna.nec.luctus@dictum.com","1 51 301 1099-9437","Example.net","eNet","1 13 737 6416-4511","AFSGS85","Walls Office"
"Mr.","Kasper","Salazar","Volunteer","scelerisque.scelerisque@pedeCras.com","1 18 872 6467-0121","Example.org","eOrg","1 34 151 9089-5680","KIVWJ77","Griffin Office"
"Mr.","Emerson","Mack","Volunteer","erat@Pellentesquetincidunttempus.ca","1 25 230 4201-1680","Example.edu","eEdu","1 33 517 2881-1471","BQLWW91","Gray Office"
"Ms.","Ignatius","Hartman","Staff","dictum.ultricies@felisorciadipiscing.org","1 46 987 6065-1799","Example.net","eNet","1 16 384 3962-3039","OCLDL21","Warren Office"
"Mr.","Patience","Gardner","Volunteer","gravida@risus.com","1 12 231 6612-9522","Example.com","eCom","1 83 998 1000-8451","YTJLV65","Browning Office"
"Mr.","Brynne","Stanley","Volunteer","aliquet.odio@musAenean.edu","1 15 495 2052-0376","Example.com","eCom","1 63 801 5643-7221","BSUCT35","Greer Office"
"Mr.","Nina","Rutledge","Staff","consequat@quisarcuvel.org","1 33 804 1504-8771","Example.org","eOrg","1 88 795 9437-1101","AVWNC24","Clay Office"
"Mr.","Ina","Roberts","Volunteer","lectus.Cum.sociis@tristiqueneque.ca","1 44 703 3085-7978","Example.com","eCom","1 77 928 2698-0749","LYPGI19","Oneill Office"
"Ms.","Colleen","Hubbard","Staff","orci.luctus.et@enim.edu","1 42 834 6416-3137","Example.org","eOrg","1 87 701 8052-2950","FWOHG72","Gamble Office"
"Ms.","Patrick","Blackburn","Staff","ornare.egestas@atarcu.edu","1 65 936 1265-4850","Example.co.vn","eVN","1 79 402 2174-9882","FJZKA54","Sweet Office"
"Ms.","Hedda","Mcintosh","Volunteer","In.nec.orci@felispurus.edu","1 52 292 4141-5394","Example.com","eCom","1 27 667 2912-3703","WRUBE12","Tyson Office"
"Ms.","Kelly","Decker","Volunteer","Sed.pharetra@ullamcorper.edu","1 88 144 8539-8779","Example.edu","eEdu","1 65 867 8881-4090","XCREX52","Grant Office"
"Mr.","Yoshio","Stevenson","Staff","erat.vel.pede@Donecvitaeerat.org","1 93 380 1698-8398","Example.org","eOrg","1 89 108 6214-1071","TSXKS36","Sweet Office"
"Ms.","Medge","Chen","Staff","sollicitudin.a@ornaresagittis.ca","1 13 713 6767-2779","Example.net","eNet","1 56 883 2584-1077","BIFXJ67","Parrish Office"
"Mr.","Dillon","Duran","Volunteer","tortor.nibh.sit@ultricesposuere.com","1 32 211 5263-7844","Example.org","eOrg","1 57 841 4173-3993","LHCXP31","Le Office"
"Ms.","Kalia","Blackwell","Staff","Cras.vulputate.velit@liberonecligula.com","1 58 122 3539-9798","Example.edu","eEdu","1 41 227 5249-7506","JXARJ87","Ballard Office"
"Ms.","Yoshio","Crawford","Volunteer","nibh.Donec.est@Suspendisse.ca","1 42 165 8172-1581","Example.com","eCom","1 30 383 2603-5285","JEKIP74","Reed Office"
"Ms.","Ciara","Henderson","Volunteer","fringilla.euismod@ridiculusmus.org","1 85 704 1200-5624","Example.com","eCom","1 65 691 3344-5840","IBKZW97","Duran Office"
"Ms.","Patrick","Copeland","Staff","Nulla.semper.tellus@feugiat.edu","1 47 797 9313-7712","Example.co.uk","eUK","1 53 241 2115-8307","CFVHP61","Mcknight Office"
"Ms.","Yolanda","Summers","Volunteer","mus@nisi.ca","1 19 324 5456-9490","Example.edu","eEdu","1 12 138 6340-3356","AUDZV13","Garza Office"
"Mr.","Otto","Knapp","Staff","et.rutrum@orcitincidunt.org","1 73 876 7301-4359","Example.org","eOrg","1 57 255 3868-5198","RMEGF51","Wall Office"
"Ms.","Sebastian","Gould","Staff","tristique@blanditmattis.org","1 71 586 1147-0099","Example.org","eOrg","1 64 186 6957-7998","SPJLG59","Flowers Office"
"Ms.","Victor","Goodman","Volunteer","Aliquam.erat@nisidictum.com","1 51 759 4199-9789","Example.org","eOrg","1 65 907 4995-8215","RTBZG27","Pugh Office"
"Ms.","Barbara","Bean","Staff","nec@atrisusNunc.ca","1 45 535 3741-2244","Example.co.vn","eVN","1 21 814 1822-9339","JGWHR47","Chen Office"
"Mr.","Abraham","Robbins","Staff","ac@egetmagna.com","1 57 639 1373-6670","Example.net","eNet","1 12 539 9198-1723","VXAII89","Nieves Office"
"Mr.","Axel","Avila","Staff","tristique.neque@Sed.org","1 83 937 9288-1063","Example.edu","eEdu","1 52 476 2728-8233","YMNPH85","Robertson Office"
"Mr.","Ivy","Tyson","Staff","eu@eueuismod.com","1 84 721 3495-3786","Example.net","eNet","1 71 634 5900-3946","ZYQLV12","Hooper Office"
"Ms.","Honorato","Joyner","Staff","pellentesque.tellus.sem@dolorsitamet.com","1 15 579 9289-2297","Example.edu","eEdu","1 97 535 6468-8008","WAQID28","England Office"
"Ms.","Rose","Brewer","Volunteer","turpis.Nulla.aliquet@posuere.edu","1 16 950 5140-0310","Example.co.uk","eUK","1 10 832 1100-0108","ODOTD26","Short Office"
"Ms.","Boris","Strickland","Volunteer","sit@sociis.ca","1 33 116 3183-2942","Example.edu","eEdu","1 14 375 5426-5147","BNBAV41","Irwin Office"
"Ms.","Fredericka","Cain","Volunteer","eu.turpis@neccursusa.org","1 61 189 6349-0904","Example.net","eNet","1 29 717 2272-5822","GDJYT51","Reese Office"
"Mr.","Moana","Wilder","Volunteer","a.malesuada@Donecdignissimmagna.com","1 68 539 3429-7789","Example.co.uk","eUK","1 10 408 9044-7333","KGBXW84","Dorsey Office"
"Mr.","Lance","Nichols","Staff","velit.Quisque@Aliquameratvolutpat.com","1 84 415 2066-4308","Example.co.uk","eUK","1 50 739 6714-2748","EIEND79","Larsen Office"
"Ms.","Cade","Foreman","Volunteer","sagittis.Nullam.vitae@pharetra.org","1 82 666 6237-6651","Example.co.vn","eVN","1 75 626 3184-2120","YLXNI22","Dyer Office"
"Mr.","Rama","Cleveland","Staff","in.cursus@ategestasa.edu","1 27 579 2010-5428","Example.edu","eEdu","1 23 476 6854-6751","QIFRN93","Andrews Office"
"Mr.","Hilda","Harris","Staff","eu.euismod@nisinibh.ca","1 18 245 7043-4110","Example.net","eNet","1 73 549 5624-0655","OCFJD15","Salinas Office"
"Mr.","Dennis","Molina","Staff","egestas.Aliquam@arcu.edu","1 64 528 4756-2527","Example.org","eOrg","1 88 310 4651-9235","IQGLI79","Bright Office"
"Mr.","Hiroko","Donaldson","Staff","eu@ornarelectusjusto.edu","1 81 113 2597-7990","Example.org","eOrg","1 36 779 5650-0721","FYLLU55","Watson Office"
"Mr.","Maxine","Knapp","Volunteer","urna.suscipit@MorbivehiculaPellentesque.com","1 35 902 9584-6919","Example.com","eCom","1 48 686 2359-0083","HQQOY25","Holden Office"
"Ms.","Hedwig","Mckay","Staff","faucibus.Morbi.vehicula@laoreet.edu","1 43 191 7052-0538","Example.edu","eEdu","1 64 514 7640-0028","IOVNY25","Palmer Office"
"Ms.","Curran","Wade","Volunteer","ut.pharetra@ametconsectetuer.ca","1 43 385 7511-5228","Example.org","eOrg","1 64 803 1624-8133","CVCYE53","Hobbs Office"
"Ms.","Yoshi","Maxwell","Staff","est@lectusquis.edu","1 50 430 7479-9513","Example.net","eNet","1 31 113 5435-3985","CGZCT95","Nicholson Office"
"Ms.","Edan","Mathis","Volunteer","sit@nislMaecenas.ca","1 36 137 4817-4563","Example.net","eNet","1 85 283 1441-6999","NKJIS94","Albert Office"
"Mr.","Nero","Villarreal","Volunteer","orci.sem@Vivamusnon.org","1 69 378 6820-0900","Example.edu","eEdu","1 54 381 2229-9193","OMNHD46","Neal Office"
"Ms.","Chancellor","Salas","Staff","et@Sedmolestie.ca","1 37 546 6698-6895","Example.edu","eEdu","1 50 781 2313-5987","UEBUL83","Bentley Office"
"Mr.","Shannon","Mcbride","Staff","mollis.Duis.sit@ridiculus.ca","1 52 820 1441-7006","Example.com","eCom","1 87 862 7812-7664","YZCTN46","Sims Office"
"Ms.","Odette","Craig","Volunteer","amet.consectetuer.adipiscing@necleoMorbi.org","1 78 455 6247-4141","Example.co.vn","eVN","1 40 716 1833-5624","PCKFT36","Moss Office"
"Mr.","Duncan","Kerr","Staff","ante@felis.edu","1 88 250 7581-9371","Example.net","eNet","1 32 250 5132-4845","TUZUR99","Thomas Office"
"Mr.","McKenzie","Rich","Volunteer","congue.turpis.In@felis.ca","1 18 223 3756-9044","Example.co.uk","eUK","1 21 508 4903-6813","OJWLJ76","Simmons Office"
"Ms.","Venus","Fischer","Volunteer","quis.diam@Loremipsum.org","1 22 862 7017-4756","Example.edu","eEdu","1 29 153 7298-1147","LCSDH99","Townsend Office"
"Ms.","Ocean","Beard","Staff","risus.Donec@eget.edu","1 32 138 4003-9253","Example.com","eCom","1 94 707 6067-8713","GFKJM65","Marquez Office"
"Ms.","Stacy","Stewart","Volunteer","dictum@pellentesquemassalobortis.edu","1 86 657 3180-9671","Example.edu","eEdu","1 13 338 9863-7488","HSPKM31","Snyder Office"
"Mr.","Francis","Dean","Volunteer","urna.suscipit@Donecegestas.com","1 41 674 5630-0059","Example.org","eOrg","1 86 521 7217-5359","QABYK26","Drake Office"
"Mr.","Avye","Riggs","Volunteer","at@nuncinterdumfeugiat.org","1 96 448 5116-9704","Example.net","eNet","1 74 768 9295-3745","OMHIK97","Mclean Office"
"Mr.","Cody","Barber","Volunteer","Proin.mi.Aliquam@elitpharetraut.com","1 46 912 8058-5850","Example.com","eCom","1 25 649 6173-3822","UAGGL82","Anderson Office"
"Ms.","Alana","Moran","Volunteer","nonummy.Fusce.fermentum@elitpellentesque.com","1 95 860 8125-5648","Example.co.uk","eUK","1 28 242 1681-6495","SMYAM58","Jacobs Office"
"Mr.","Marny","Floyd","Volunteer","lorem@Suspendissetristique.org","1 38 543 7406-6615","Example.org","eOrg","1 80 284 7652-3805","SMFJT18","Contreras Office"
"Ms.","McKenzie","Mcconnell","Staff","Nulla@malesuada.org","1 42 750 2177-4065","Example.co.vn","eVN","1 49 877 9683-2485","RYYJH21","Britt Office"
"Ms.","Dale","Workman","Staff","non.luctus.sit@pede.ca","1 70 967 6535-9607","Example.co.uk","eUK","1 77 209 4176-3763","FTZEM91","Byrd Office"
"Mr.","Quinlan","Norman","Staff","venenatis@etlaciniavitae.com","1 90 100 1418-0567","Example.com","eCom","1 84 809 8105-9752","IHPTF68","Gibbs Office"
"Mr.","Vielka","Reynolds","Volunteer","metus.In.lorem@sitamet.org","1 33 914 9859-4569","Example.com","eCom","1 12 474 1587-5563","KCVYJ29","Yang Office"
"Mr.","Sharon","Guzman","Staff","Etiam.ligula.tortor@aliquamenimnec.ca","1 54 192 5973-6393","Example.org","eOrg","1 34 528 6122-0648","LDHFR73","Velazquez Office"
"Mr.","Phoebe","Kirkland","Volunteer","ipsum@consectetuer.org","1 72 925 8870-1775","Example.co.uk","eUK","1 27 833 6696-3444","QNLEH72","Beach Office"
"Ms.","Yael","Hammond","Volunteer","rutrum@Quisqueimperdieterat.edu","1 39 813 2791-3358","Example.net","eNet","1 23 235 9501-5415","ZWKAD48","Church Office"
"Mr.","Xantha","Armstrong","Volunteer","sollicitudin@metus.edu","1 88 591 1971-0262","Example.org","eOrg","1 60 362 6443-4404","XDCCX96","Finch Office"
"Ms.","Ora","Sandoval","Volunteer","vulputate.nisi.sem@vestibulum.edu","1 11 328 5929-3744","Example.co.vn","eVN","1 35 344 3033-7126","CKGFK45","Baird Office"
"Ms.","Ulysses","Moss","Volunteer","Morbi.neque.tellus@Class.com","1 55 989 4007-4896","Example.co.uk","eUK","1 10 724 2724-6894","VGTGS32","York Office"
"Ms.","Logan","Mcdaniel","Staff","non.sollicitudin@ac.org","1 63 746 3534-0030","Example.net","eNet","1 22 340 6658-2125","DKYVB36","Riggs Office"
"Mr.","Simon","Barnett","Staff","et@bibendum.edu","1 88 402 4688-5007","Example.org","eOrg","1 21 692 8568-4717","ULLWG33","Tillman Office"
"Ms.","Len","Acevedo","Staff","Proin.sed@molestietellus.com","1 16 556 7424-2623","Example.co.uk","eUK","1 18 880 2146-7491","ZIRII38","Carney Office"
"Mr.","Margaret","Greene","Staff","eget@ultricesaauctor.edu","1 33 811 9233-8088","Example.net","eNet","1 81 814 2031-6727","JBBJH42","Walls Office"
"Mr.","Byron","Moreno","Volunteer","lorem.vehicula@Donecsollicitudinadipiscing.com","1 21 502 9223-3905","Example.org","eOrg","1 56 789 1036-1957","LNAUQ23","Griffin Office"
"Ms.","Cathleen","Stephens","Volunteer","tempor.augue@inhendrerit.ca","1 30 408 3196-8153","Example.edu","eEdu","1 18 885 9014-2007","GRIAZ44","Gray Office"
"Ms.","Noelani","Bridges","Staff","semper@luctus.com","1 29 297 7988-3094","Example.net","eNet","1 31 121 4606-3186","CDPJG55","Warren Office"
"Ms.","Darius","Clarke","Staff","dictum@ut.ca","1 83 295 2322-9548","Example.com","eCom","1 69 991 4447-7588","CXZCU32","Browning Office"
"Mr.","Indigo","Barrera","Staff","metus.eu.erat@tempuseuligula.ca","1 97 887 9313-0998","Example.com","eCom","1 17 715 1328-8295","IRTEQ59","Greer Office"
"Ms.","Walter","Singleton","Staff","mi@Aliquam.org","1 13 575 1892-6756","Example.org","eOrg","1 83 109 5947-9312","GMOYO94","Clay Office"
"Ms.","Jade","Clayton","Staff","in.cursus.et@rhoncus.org","1 40 831 8903-6068","Example.com","eCom","1 83 889 7231-7454","JPRWY77","Oneill Office"
"Mr.","Karyn","Dean","Volunteer","ac.sem.ut@loremipsumsodales.ca","1 33 201 1744-9284","Example.org","eOrg","1 30 310 1839-3591","MXQGD14","Gamble Office"
"Ms.","Keiko","Wells","Volunteer","sit.amet.luctus@eutemporerat.com","1 50 482 4907-9328","Example.co.vn","eVN","1 77 208 2404-9909","XYTGM87","Sweet Office"
"Ms.","Benjamin","Duffy","Staff","nulla.at.sem@egetodio.ca","1 18 728 6426-8269","Example.com","eCom","1 58 973 7467-5883","BIMBI47","Tyson Office"
"Ms.","Gail","Alexander","Staff","sagittis.augue.eu@Curabituregestasnunc.org","1 80 678 9425-2740","Example.edu","eEdu","1 54 657 9231-6365","EICYF25","Grant Office"
"Mr.","Ina","Huber","Staff","velit.in.aliquet@Namporttitorscelerisque.ca","1 18 263 9662-7263","Example.org","eOrg","1 87 879 1299-7316","BCBWE91","Sweet Office"
"Ms.","Amal","Jacobson","Volunteer","Fusce.mollis@vestibulum.org","1 98 485 3882-8559","Example.net","eNet","1 60 352 2504-6539","UMYKK77","Parrish Office"
"Ms.","Amy","Barker","Staff","et@netuset.ca","1 85 810 1261-7270","Example.org","eOrg","1 55 288 9602-6139","ZAUUW37","Le Office"
"Ms.","Quamar","Donovan","Volunteer","non.lobortis.quis@tempus.ca","1 41 559 4464-6360","Example.edu","eEdu","1 60 148 4086-8167","BTKBD55","Ballard Office"
"Mr.","Veronica","Boyle","Staff","Sed.congue@maurisaliquam.ca","1 76 770 7115-8964","Example.com","eCom","1 72 273 7392-2036","VVSPO44","Reed Office"
"Ms.","Alexander","Lawrence","Volunteer","urna.Nullam@mauriseu.ca","1 49 956 3293-4238","Example.com","eCom","1 36 682 1164-1117","MSZHC83","Duran Office"
